Student Name,Semester Joined,Major,Position,Email,Club Name
Joshua Harris,Fall 2018,History,President,JoshuaHarris499@gulls.salisbury.edu,Aikido Club
Alexander Jones,Fall 2021,Actuarial Science,Vice President,AlexanderJones271@gulls.salisbury.edu,Aikido Club
Rebecca Harris,Fall 2021,Nursing,Treasurer,RebeccaHarris730@gulls.salisbury.edu,Aikido Club
Thomas Wilson,Spring 2020,American Studies,Secretary,ThomasWilson407@gulls.salisbury.edu,Aikido Club
John Williams,Fall 2021,Sociology,General Member,JohnWilliams280@gulls.salisbury.edu,Aikido Club
Justin Brown,Fall 2018,Earth Science,General Member,JustinBrown749@gulls.salisbury.edu,Aikido Club
Steven Johnson,Spring 2020,Mathematics,General Member,StevenJohnson251@gulls.salisbury.edu,Aikido Club
Stephanie Nguyen,Spring 2019,Sociology,General Member,StephanieNguyen186@gulls.salisbury.edu,Aikido Club
Anthony Lopez,Spring 2018,Early Childhood Education,President,AnthonyLopez252@gulls.salisbury.edu,Alpha Phi Omega
Heather Hill,Spring 2018,Spanish,Vice President,HeatherHill383@gulls.salisbury.edu,Alpha Phi Omega
Stephanie Johnson,Spring 2021,Information Systems,Treasurer,StephanieJohnson704@gulls.salisbury.edu,Alpha Phi Omega
Julie Williams,Spring 2020,History,Secretary,JulieWilliams716@gulls.salisbury.edu,Alpha Phi Omega
Edward Smith,Spring 2020,Accounting,General Member,EdwardSmith610@gulls.salisbury.edu,Alpha Phi Omega
Christopher Thomas,Fall 2018,Sociology,General Member,ChristopherThomas651@gulls.salisbury.edu,Alpha Phi Omega
Paul Clark,Spring 2021,Geography,General Member,PaulClark721@gulls.salisbury.edu,Alpha Phi Omega
Brenda Allen,Spring 2020,Spanish,General Member,BrendaAllen984@gulls.salisbury.edu,Alpha Phi Omega
Kevin Miller,Spring 2018,Nursing,President,KevinMiller987@gulls.salisbury.edu,American Sign Language Club
Jason King,Spring 2019,Information Systems,Vice President,JasonKing624@gulls.salisbury.edu,American Sign Language Club
Mathew Jones,Spring 2019,Mechanical Engineering,Treasurer,MathewJones479@gulls.salisbury.edu,American Sign Language Club
Heather Jackson,Spring 2018,Physics,Secretary,HeatherJackson675@gulls.salisbury.edu,American Sign Language Club
William Thomas,Spring 2019,Nursing,General Member,WilliamThomas542@gulls.salisbury.edu,American Sign Language Club
Ashley Lopez,Fall 2018,Literature,General Member,AshleyLopez196@gulls.salisbury.edu,American Sign Language Club
Thomas Perez,Spring 2020,Biology,General Member,ThomasPerez276@gulls.salisbury.edu,American Sign Language Club
John Johnson,Fall 2018,Political Science,General Member,JohnJohnson442@gulls.salisbury.edu,American Sign Language Club
Anna King,Fall 2018,Sociology,President,AnnaKing226@gulls.salisbury.edu,BioEnviron
Kimberly Nguyen,Spring 2018,Literature,Vice President,KimberlyNguyen342@gulls.salisbury.edu,BioEnviron
Robert Jackson,Spring 2019,Geography,Treasurer,RobertJackson217@gulls.salisbury.edu,BioEnviron
Daniel Miller,Fall 2019,Economics,Secretary,DanielMiller292@gulls.salisbury.edu,BioEnviron
Christopher Perez,Spring 2018,Actuarial Science,General Member,ChristopherPerez859@gulls.salisbury.edu,BioEnviron
Mark Brown,Fall 2020,Accounting,General Member,MarkBrown510@gulls.salisbury.edu,BioEnviron
James Wilson,Spring 2018,Data Science,General Member,JamesWilson480@gulls.salisbury.edu,BioEnviron
Christopher Smith,Spring 2018,Literature,General Member,ChristopherSmith106@gulls.salisbury.edu,BioEnviron
Joseph Allen,Fall 2019,Early Childhood Education,President,JosephAllen391@gulls.salisbury.edu,Educators for Social Justice
John Harris,Fall 2018,Business Administration,Vice President,JohnHarris395@gulls.salisbury.edu,Educators for Social Justice
Richard Lee,Spring 2018,Biology,Treasurer,RichardLee470@gulls.salisbury.edu,Educators for Social Justice
Susan Wilson,Spring 2020,Literature,Secretary,SusanWilson653@gulls.salisbury.edu,Educators for Social Justice
Anthony Clark,Fall 2020,American Studies,General Member,AnthonyClark994@gulls.salisbury.edu,Educators for Social Justice
Edward Lee,Fall 2018,Physics,General Member,EdwardLee405@gulls.salisbury.edu,Educators for Social Justice
Jessica Walker,Spring 2018,Chemistry,General Member,JessicaWalker846@gulls.salisbury.edu,Educators for Social Justice
Thomas Lopez,Spring 2021,Actuarial Science,General Member,ThomasLopez781@gulls.salisbury.edu,Educators for Social Justice
Virgina Lee,Fall 2020,Information Systems,President,VirginaLee381@gulls.salisbury.edu,Esports Association
Edward Williams,Fall 2018,Biology,Vice President,EdwardWilliams540@gulls.salisbury.edu,Esports Association
Joshua Allen,Spring 2020,Early Childhood Education,Treasurer,JoshuaAllen368@gulls.salisbury.edu,Esports Association
Brian Hill,Fall 2018,Geography,Secretary,BrianHill692@gulls.salisbury.edu,Esports Association
Robert Jones,Spring 2020,Data Science,General Member,RobertJones586@gulls.salisbury.edu,Esports Association
Christopher Williams,Spring 2021,Earth Science,General Member,ChristopherWilliams694@gulls.salisbury.edu,Esports Association
Paul Wilson,Fall 2018,Spanish,General Member,PaulWilson87@gulls.salisbury.edu,Esports Association
Robert Nguyen,Fall 2020,American Studies,General Member,RobertNguyen796@gulls.salisbury.edu,Esports Association
Richard Harris,Fall 2020,Computer Science,President,RichardHarris825@gulls.salisbury.edu,Middle Eastern Cultural Society
Kimberly Wilson,Fall 2020,Computer Science,Vice President,KimberlyWilson2@gulls.salisbury.edu,Middle Eastern Cultural Society
Joseph Lopez,Fall 2018,Economics,Treasurer,JosephLopez538@gulls.salisbury.edu,Middle Eastern Cultural Society
Rachel Garcia,Spring 2018,History,Secretary,RachelGarcia888@gulls.salisbury.edu,Middle Eastern Cultural Society
John Jones,Fall 2019,American Studies,General Member,JohnJones924@gulls.salisbury.edu,Middle Eastern Cultural Society
Susan Allen,Spring 2021,Mechanical Engineering,General Member,SusanAllen691@gulls.salisbury.edu,Middle Eastern Cultural Society
William Jones,Fall 2021,Nursing,General Member,WilliamJones553@gulls.salisbury.edu,Middle Eastern Cultural Society
Anthony Thomas,Fall 2019,Accounting,General Member,AnthonyThomas265@gulls.salisbury.edu,Middle Eastern Cultural Society
Michael Smith,Fall 2018,Economics,President,MichaelSmith321@gulls.salisbury.edu,PE Society
James King,Spring 2019,Literature,Vice President,JamesKing722@gulls.salisbury.edu,PE Society
James King,Spring 2020,Chemistry,Treasurer,JamesKing758@gulls.salisbury.edu,PE Society
Susan Lee,Spring 2018,Nursing,Secretary,SusanLee808@gulls.salisbury.edu,PE Society
Rachel Jones,Fall 2020,Nursing,General Member,RachelJones625@gulls.salisbury.edu,PE Society
Anna Walker,Fall 2019,Physics,General Member,AnnaWalker488@gulls.salisbury.edu,PE Society
Heather Harris,Fall 2019,Physics,General Member,HeatherHarris974@gulls.salisbury.edu,PE Society
Susan Davis,Spring 2021,History,General Member,SusanDavis768@gulls.salisbury.edu,PE Society
Frank Clark,Fall 2018,Business Administration,President,FrankClark134@gulls.salisbury.edu,Photo Club
Nancy Nguyen,Fall 2019,Data Science,Vice President,NancyNguyen940@gulls.salisbury.edu,Photo Club
Stephanie Brown,Fall 2020,Geography,Treasurer,StephanieBrown274@gulls.salisbury.edu,Photo Club
Stephanie Thomas,Fall 2018,Political Science,Secretary,StephanieThomas121@gulls.salisbury.edu,Photo Club
Justin Garcia,Fall 2021,Early Childhood Education,General Member,JustinGarcia887@gulls.salisbury.edu,Photo Club
Edward Lee,Spring 2020,Physics,General Member,EdwardLee457@gulls.salisbury.edu,Photo Club
John Hill,Fall 2019,History,General Member,JohnHill485@gulls.salisbury.edu,Photo Club
Thomas Nguyen,Spring 2020,Mechanical Engineering,General Member,ThomasNguyen732@gulls.salisbury.edu,Photo Club
Virgina Davis,Fall 2018,Spanish,President,VirginaDavis46@gulls.salisbury.edu,Salisbury Smasherz
Kenneth Jones,Spring 2018,Early Childhood Education,Vice President,KennethJones37@gulls.salisbury.edu,Salisbury Smasherz
Julie Hill,Fall 2020,Early Childhood Education,Treasurer,JulieHill552@gulls.salisbury.edu,Salisbury Smasherz
Robert King,Spring 2018,Early Childhood Education,Secretary,RobertKing490@gulls.salisbury.edu,Salisbury Smasherz
Frank Johnson,Fall 2018,Biology,General Member,FrankJohnson264@gulls.salisbury.edu,Salisbury Smasherz
Mark Thomas,Spring 2020,Economics,General Member,MarkThomas488@gulls.salisbury.edu,Salisbury Smasherz
Christopher Allen,Spring 2018,Biology,General Member,ChristopherAllen142@gulls.salisbury.edu,Salisbury Smasherz
Kathleen Jones,Fall 2018,Economics,General Member,KathleenJones464@gulls.salisbury.edu,Salisbury Smasherz
Kimberly Miller,Fall 2018,Actuarial Science,President,KimberlyMiller365@gulls.salisbury.edu,Sigma Alpha Epsilon
Rachel Perez,Spring 2019,Spanish,Vice President,RachelPerez670@gulls.salisbury.edu,Sigma Alpha Epsilon
Richard Garcia,Fall 2019,Early Childhood Education,Treasurer,RichardGarcia50@gulls.salisbury.edu,Sigma Alpha Epsilon
Kathleen Thomas,Fall 2020,Government,Secretary,KathleenThomas854@gulls.salisbury.edu,Sigma Alpha Epsilon
Andrew Johnson,Spring 2019,Early Childhood Education,General Member,AndrewJohnson573@gulls.salisbury.edu,Sigma Alpha Epsilon
Brenda Walker,Fall 2020,Early Childhood Education,General Member,BrendaWalker207@gulls.salisbury.edu,Sigma Alpha Epsilon
Kathleen Lopez,Spring 2020,American Studies,General Member,KathleenLopez623@gulls.salisbury.edu,Sigma Alpha Epsilon
Julie Clark,Spring 2019,Mechanical Engineering,General Member,JulieClark706@gulls.salisbury.edu,Sigma Alpha Epsilon
Catherine Hill,Spring 2021,Mathematics,President,CatherineHill615@gulls.salisbury.edu,Starnet Society
Heather Allen,Spring 2018,Accounting,Vice President,HeatherAllen934@gulls.salisbury.edu,Starnet Society
Christopher Brown,Fall 2020,Geography,Treasurer,ChristopherBrown725@gulls.salisbury.edu,Starnet Society
Mathew Allen,Spring 2019,Accounting,Secretary,MathewAllen97@gulls.salisbury.edu,Starnet Society
Anthony Garcia,Fall 2019,Business Administration,General Member,AnthonyGarcia720@gulls.salisbury.edu,Starnet Society
Anna Garcia,Fall 2020,Literature,General Member,AnnaGarcia855@gulls.salisbury.edu,Starnet Society
Jason Jones,Fall 2020,Nursing,General Member,JasonJones770@gulls.salisbury.edu,Starnet Society
Kathleen Jones,Fall 2021,Information Systems,General Member,KathleenJones820@gulls.salisbury.edu,Starnet Society
Joshua King,Fall 2021,Biology,President,JoshuaKing640@gulls.salisbury.edu,Zeta Tau Alpha
Olivia Hill,Fall 2019,American Studies,Vice President,OliviaHill866@gulls.salisbury.edu,Zeta Tau Alpha
Julie Walker,Spring 2018,Information Systems,Treasurer,JulieWalker274@gulls.salisbury.edu,Zeta Tau Alpha
David Harris,Fall 2018,Computer Science,Secretary,DavidHarris598@gulls.salisbury.edu,Zeta Tau Alpha
Brenda Perez,Fall 2018,American Studies,General Member,BrendaPerez225@gulls.salisbury.edu,Zeta Tau Alpha
Kenneth Johnson,Spring 2021,Physics,General Member,KennethJohnson14@gulls.salisbury.edu,Zeta Tau Alpha
Heather King,Fall 2019,Accounting,General Member,HeatherKing643@gulls.salisbury.edu,Zeta Tau Alpha
James Davis,Fall 2019,American Studies,General Member,JamesDavis450@gulls.salisbury.edu,Zeta Tau Alpha